Workbook

Sheet Tasks
A1: Task ID | B1: Project | C1: Participant | D1: Category | E1: Priority | F1: Status | G1: Start Date | H1: Due Date | I1: Completed Date | J1: Estimated Hours | K1: Actual Hours | L1: Variance Hours | M1: Completion % | N1: On Time | O1: Notes
A2: 101 | B2: Sales Dashboard Refresh | C2: PRKD | D2: MySQL | E2: High | F2: Completed | G2: 46266 | H2: 46269 | I2: 46269 | J2: 6 | K2: 6.5 | L2: =IF(K2="",0,K2-J2) -> 0.5 | M2: 1 | N2: =IF(I2="",IF(Summary!$B$2<=H2,1,0),IF(I2<=H2,1,0)) -> 1 | O2: Prepare source data model - Initial model approved
A3: 102 | B3: Sales Dashboard Refresh | C3: PRKD | D3: SQL | E3: High | F3: In Progress | G3: 46273 | H3: 46290 | J3: 5 | K3: 3 | L3: =IF(K3="",0,K3-J3) -> -2 | M3: 0.6 | N3: =IF(I3="",IF(Summary!$B$2<=H3,1,0),IF(I3<=H3,1,0)) -> 1 | O3: Create KPI validation query - Add edge-case tests
A4: 103 | B4: GitHub Workshop Materials | C4: PRKD | D4: Testing | E4: Medium | F4: Not Started | G4: 46289 | H4: 46295 | J4: 3 | L4: =IF(K4="",0,K4-J4) -> 0 | M4: 0 | N4: =IF(I4="",IF(Summary!$B$2<=H4,1,0),IF(I4<=H4,1,0)) -> 1 | O4: Review workshop repository - Check branches and permissions
A5: 104 | B5: Data Quality Automation | C5: PAAT | D5: Documentation | E5: Medium | F5: Completed | G5: 46267 | H5: 46270 | I5: 46270 | J5: 4 | K5: 3.5 | L5: =IF(K5="",0,K5-J5) -> -0.5 | M5: 1 | N5: =IF(I5="",IF(Summary!$B$2<=H5,1,0),IF(I5<=H5,1,0)) -> 1 | O5: Define duplicate detection rules - Rules saved in project notes
A6: 105 | B6: Data Quality Automation | C6: PAAT | D6: SQL | E6: High | F6: In Progress | G6: 46272 | H6: 46289 | J6: 7 | K6: 5.5 | L6: =IF(K6="",0,K6-J6) -> -1.5 | M6: 0.8 | N6: =IF(I6="",IF(Summary!$B$2<=H6,1,0),IF(I6<=H6,1,0)) -> 1 | O6: Build duplicate records query - Waiting for one source column
A7: 106 | B7: GitHub Workshop Materials | C7: PAAT | D7: Documentation | E7: Low | F7: Not Started | G7: 46290 | H7: 46297 | J7: 2 | L7: =IF(K7="",0,K7-J7) -> 0 | M7: 0 | N7: =IF(I7="",IF(Summary!$B$2<=H7,1,0),IF(I7<=H7,1,0)) -> 1 | O7: Add README examples - Use simple Markdown examples
A8: 107 | B8: Monthly Reporting Workflow | C8: ALZK | D8: Excel | E8: Medium | F8: Completed | G8: 46266 | H8: 46268 | I8: 46267 | J8: 3 | K8: 2.5 | L8: =IF(K8="",0,K8-J8) -> -0.5 | M8: 1 | N8: =IF(I8="",IF(Summary!$B$2<=H8,1,0),IF(I8<=H8,1,0)) -> 1 | O8: Map monthly input files - File map shared with team
A9: 108 | B9: Monthly Reporting Workflow | C9: ALZK | D9: Documentation | E9: Medium | F9: Completed | G9: 46269 | H9: 46273 | I9: 46274 | J9: 3 | K9: 4 | L9: =IF(K9="",0,K9-J9) -> 1 | M9: 1 | N9: =IF(I9="",IF(Summary!$B$2<=H9,1,0),IF(I9<=H9,1,0)) -> 0 | O9: Create import checklist - Completed one day late
A10: 109 | B10: GitHub Workshop Materials | C10: ALZK | D10: Testing | E10: High | F10: In Progress | G10: 46286 | H10: 46289 | J10: 4 | K10: 2 | L10: =IF(K10="",0,K10-J10) -> -2 | M10: 0.5 | N10: =IF(I10="",IF(Summary!$B$2<=H10,1,0),IF(I10<=H10,1,0)) -> 1 | O10: Test merge conflict scenario - Use shared SQL file
A11: 110 | B11: Sales Dashboard Refresh | C11: WERA | D11: Power BI | E11: Medium | F11: Completed | G11: 46268 | H11: 46273 | I11: 46273 | J11: 6 | K11: 6 | L11: =IF(K11="",0,K11-J11) -> 0 | M11: 1 | N11: =IF(I11="",IF(Summary!$B$2<=H11,1,0),IF(I11<=H11,1,0)) -> 1 | O11: Design dashboard layout - Layout accepted
A12: 111 | B12: Sales Dashboard Refresh | C12: WERA | D12: Power BI | E12: Medium | F12: Blocked | G12: 46274 | H12: 46287 | J12: 5 | K12: 2 | L12: =IF(K12="",0,K12-J12) -> -3 | M12: 0.4 | N12: =IF(I12="",IF(Summary!$B$2<=H12,1,0),IF(I12<=H12,1,0)) -> 0 | O12: Configure drill-through page - Blocked by missing relationship
A13: 112 | B13: GitHub Workshop Materials | C13: WERA | D13: Documentation | E13: Low | F13: Not Started | G13: 46290 | H13: 46296 | J13: 3 | L13: =IF(K13="",0,K13-J13) -> 0 | M13: 0 | N13: =IF(I13="",IF(Summary!$B$2<=H13,1,0),IF(I13<=H13,1,0)) -> 1 | O13: Update workshop screenshots - Capture GitHub Desktop screens
A14: 113 | B14: Data Quality Automation | C14: DADY | D14: Testing | E14: High | F14: Completed | G14: 46267 | H14: 46274 | I14: 46273 | J14: 5 | K14: 5 | L14: =IF(K14="",0,K14-J14) -> 0 | M14: 1 | N14: =IF(I14="",IF(Summary!$B$2<=H14,1,0),IF(I14<=H14,1,0)) -> 1 | O14: Create data quality test cases - All expected outcomes documented
A15: 114 | B15: Data Quality Automation | C15: DADY | D15: Python | E15: High | F15: In Progress | G15: 46275 | H15: 46291 | J15: 8 | K15: 4 | L15: =IF(K15="",0,K15-J15) -> -4 | M15: 0.55 | N15: =IF(I15="",IF(Summary!$B$2<=H15,1,0),IF(I15<=H15,1,0)) -> 1 | O15: Automate exception summary - Prototype creates CSV output
A16: 115 | B16: Monthly Reporting Workflow | C16: DADY | D16: Excel | E16: Medium | F16: Not Started | G16: 46289 | H16: 46294 | J16: 4 | L16: =IF(K16="",0,K16-J16) -> 0 | M16: 0 | N16: =IF(I16="",IF(Summary!$B$2<=H16,1,0),IF(I16<=H16,1,0)) -> 1 | O16: Validate report totals - Compare with prior month
A17: 116 | B17: Monthly Reporting Workflow | C17: MIWW | D17: Excel | E17: High | F17: Completed | G17: 46266 | H17: 46272 | I17: 46272 | J17: 6 | K17: 6.5 | L17: =IF(K17="",0,K17-J17) -> 0.5 | M17: 1 | N17: =IF(I17="",IF(Summary!$B$2<=H17,1,0),IF(I17<=H17,1,0)) -> 1 | O17: Create monthly control sheet - Includes reconciliation section
A18: 117 | B18: Monthly Reporting Workflow | C18: MIWW | D18: Excel | E18: High | F18: In Progress | G18: 46273 | H18: 46288 | J18: 5 | K18: 4 | L18: =IF(K18="",0,K18-J18) -> -1 | M18: 0.75 | N18: =IF(I18="",IF(Summary!$B$2<=H18,1,0),IF(I18<=H18,1,0)) -> 1 | O18: Add formula error checks - Two checks remain
A19: 118 | B19: GitHub Workshop Materials | C19: MIWW | D19: Git | E19: Medium | F19: Completed | G19: 46283 | H19: 46286 | I19: 46285 | J19: 2 | K19: 1.5 | L19: =IF(K19="",0,K19-J19) -> -0.5 | M19: 1 | N19: =IF(I19="",IF(Summary!$B$2<=H19,1,0),IF(I19<=H19,1,0)) -> 1 | O19: Create sample pull request - Pull request merged
A20: 119 | B20: Sales Dashboard Refresh | C20: KIPJ | D20: SQL | E20: Medium | F20: Completed | G20: 46269 | H20: 46275 | I20: 46275 | J20: 4 | K20: 4 | L20: =IF(K20="",0,K20-J20) -> 0 | M20: 1 | N20: =IF(I20="",IF(Summary!$B$2<=H20,1,0),IF(I20<=H20,1,0)) -> 1 | O20: Prepare dashboard test data - Includes null and duplicate rows
A21: 120 | B21: Sales Dashboard Refresh | C21: KIPJ | D21: Testing | E21: High | F21: In Progress | G21: 46280 | H21: 46293 | J21: 6 | K21: 2.5 | L21: =IF(K21="",0,K21-J21) -> -3.5 | M21: 0.35 | N21: =IF(I21="",IF(Summary!$B$2<=H21,1,0),IF(I21<=H21,1,0)) -> 1 | O21: Run user acceptance test - First feedback collected
A22: 121 | B22: Data Quality Automation | C22: KIPJ | D22: Documentation | E22: Low | F22: Not Started | G22: 46293 | H22: 46300 | J22: 3 | L22: =IF(K22="",0,K22-J22) -> 0 | M22: 0 | N22: =IF(I22="",IF(Summary!$B$2<=H22,1,0),IF(I22<=H22,1,0)) -> 1 | O22: Document exception handling - Add examples after testing
A23: 122 | B23: Data Quality Automation | C23: KRWO | D23: SQL | E23: Medium | F23: Completed | G23: 46266 | H23: 46271 | I23: 46271 | J23: 5 | K23: 4.5 | L23: =IF(K23="",0,K23-J23) -> -0.5 | M23: 1 | N23: =IF(I23="",IF(Summary!$B$2<=H23,1,0),IF(I23<=H23,1,0)) -> 1 | O23: Profile source columns - Profile stored in workbook
A24: 123 | B24: Monthly Reporting Workflow | C24: KRWO | D24: Documentation | E24: Medium | F24: In Progress | G24: 46277 | H24: 46290 | J24: 4 | K24: 2.5 | L24: =IF(K24="",0,K24-J24) -> -1.5 | M24: 0.65 | N24: =IF(I24="",IF(Summary!$B$2<=H24,1,0),IF(I24<=H24,1,0)) -> 1 | O24: Prepare refresh instructions - Add troubleshooting section
A25: 124 | B25: GitHub Workshop Materials | C25: KRWO | D25: Testing | E25: High | F25: Blocked | G25: 46287 | H25: 46288 | J25: 3 | K25: 1 | L25: =IF(K25="",0,K25-J25) -> -2 | M25: 0.25 | N25: =IF(I25="",IF(Summary!$B$2<=H25,1,0),IF(I25<=H25,1,0)) -> 1 | O25: Verify final workshop files - Waiting for final participant list

Sheet Summary
A1: GitHub Desktop Workshop - Team Summary
A2: Reference Date | B2: 46288 | D2: Change this date to refresh On Time results in Excel.
A5: Participant | B5: Total Tasks | C5: Completed | D5: In Progress | E5: Blocked | F5: Estimated Hours | G5: Actual Hours | H5: Variance Hours | I5: Avg Completion | J5: Completion Rate | K5: On Time Tasks
A6: PRKD | B6: =COUNTIF(Tasks!$C$2:$C$25,$A6) -> 3 | C6: =COUNTIFS(Tasks!$C$2:$C$25,$A6,Tasks!$F$2:$F$25,"Completed") -> 1 | D6: =COUNTIFS(Tasks!$C$2:$C$25,$A6,Tasks!$F$2:$F$25,"In Progress") -> 1 | E6: =COUNTIFS(Tasks!$C$2:$C$25,$A6,Tasks!$F$2:$F$25,"Blocked") -> 0 | F6: =SUMIF(Tasks!$C$2:$C$25,$A6,Tasks!$J$2:$J$25) -> 14 | G6: =SUMIF(Tasks!$C$2:$C$25,$A6,Tasks!$K$2:$K$25) -> 9.5 | H6: =G6-F6 -> -4.5 | I6: =IFERROR(AVERAGEIF(Tasks!$C$2:$C$25,$A6,Tasks!$M$2:$M$25),0) -> 0.53333333 | J6: =IFERROR(C6/B6,0) -> 0.33333333 | K6: =COUNTIFS(Tasks!$C$2:$C$25,$A6,Tasks!$N$2:$N$25,1) -> 3
A7: PAAT | B7: =COUNTIF(Tasks!$C$2:$C$25,$A7) -> 3 | C7: =COUNTIFS(Tasks!$C$2:$C$25,$A7,Tasks!$F$2:$F$25,"Completed") -> 1 | D7: =COUNTIFS(Tasks!$C$2:$C$25,$A7,Tasks!$F$2:$F$25,"In Progress") -> 1 | E7: =COUNTIFS(Tasks!$C$2:$C$25,$A7,Tasks!$F$2:$F$25,"Blocked") -> 0 | F7: =SUMIF(Tasks!$C$2:$C$25,$A7,Tasks!$J$2:$J$25) -> 13 | G7: =SUMIF(Tasks!$C$2:$C$25,$A7,Tasks!$K$2:$K$25) -> 9 | H7: =G7-F7 -> -4 | I7: =IFERROR(AVERAGEIF(Tasks!$C$2:$C$25,$A7,Tasks!$M$2:$M$25),0) -> 0.6 | J7: =IFERROR(C7/B7,0) -> 0.33333333 | K7: =COUNTIFS(Tasks!$C$2:$C$25,$A7,Tasks!$N$2:$N$25,1) -> 3
A8: ALZK | B8: =COUNTIF(Tasks!$C$2:$C$25,$A8) -> 3 | C8: =COUNTIFS(Tasks!$C$2:$C$25,$A8,Tasks!$F$2:$F$25,"Completed") -> 2 | D8: =COUNTIFS(Tasks!$C$2:$C$25,$A8,Tasks!$F$2:$F$25,"In Progress") -> 1 | E8: =COUNTIFS(Tasks!$C$2:$C$25,$A8,Tasks!$F$2:$F$25,"Blocked") -> 0 | F8: =SUMIF(Tasks!$C$2:$C$25,$A8,Tasks!$J$2:$J$25) -> 10 | G8: =SUMIF(Tasks!$C$2:$C$25,$A8,Tasks!$K$2:$K$25) -> 8.5 | H8: =G8-F8 -> -1.5 | I8: =IFERROR(AVERAGEIF(Tasks!$C$2:$C$25,$A8,Tasks!$M$2:$M$25),0) -> 0.83333333 | J8: =IFERROR(C8/B8,0) -> 0.66666667 | K8: =COUNTIFS(Tasks!$C$2:$C$25,$A8,Tasks!$N$2:$N$25,1) -> 2
A9: WERA | B9: =COUNTIF(Tasks!$C$2:$C$25,$A9) -> 3 | C9: =COUNTIFS(Tasks!$C$2:$C$25,$A9,Tasks!$F$2:$F$25,"Completed") -> 1 | D9: =COUNTIFS(Tasks!$C$2:$C$25,$A9,Tasks!$F$2:$F$25,"In Progress") -> 0 | E9: =COUNTIFS(Tasks!$C$2:$C$25,$A9,Tasks!$F$2:$F$25,"Blocked") -> 1 | F9: =SUMIF(Tasks!$C$2:$C$25,$A9,Tasks!$J$2:$J$25) -> 14 | G9: =SUMIF(Tasks!$C$2:$C$25,$A9,Tasks!$K$2:$K$25) -> 8 | H9: =G9-F9 -> -6 | I9: =IFERROR(AVERAGEIF(Tasks!$C$2:$C$25,$A9,Tasks!$M$2:$M$25),0) -> 0.46666667 | J9: =IFERROR(C9/B9,0) -> 0.33333333 | K9: =COUNTIFS(Tasks!$C$2:$C$25,$A9,Tasks!$N$2:$N$25,1) -> 2
A10: DADY | B10: =COUNTIF(Tasks!$C$2:$C$25,$A10) -> 3 | C10: =COUNTIFS(Tasks!$C$2:$C$25,$A10,Tasks!$F$2:$F$25,"Completed") -> 1 | D10: =COUNTIFS(Tasks!$C$2:$C$25,$A10,Tasks!$F$2:$F$25,"In Progress") -> 1 | E10: =COUNTIFS(Tasks!$C$2:$C$25,$A10,Tasks!$F$2:$F$25,"Blocked") -> 0 | F10: =SUMIF(Tasks!$C$2:$C$25,$A10,Tasks!$J$2:$J$25) -> 17 | G10: =SUMIF(Tasks!$C$2:$C$25,$A10,Tasks!$K$2:$K$25) -> 9 | H10: =G10-F10 -> -8 | I10: =IFERROR(AVERAGEIF(Tasks!$C$2:$C$25,$A10,Tasks!$M$2:$M$25),0) -> 0.51666667 | J10: =IFERROR(C10/B10,0) -> 0.33333333 | K10: =COUNTIFS(Tasks!$C$2:$C$25,$A10,Tasks!$N$2:$N$25,1) -> 3
A11: MIWW | B11: =COUNTIF(Tasks!$C$2:$C$25,$A11) -> 3 | C11: =COUNTIFS(Tasks!$C$2:$C$25,$A11,Tasks!$F$2:$F$25,"Completed") -> 2 | D11: =COUNTIFS(Tasks!$C$2:$C$25,$A11,Tasks!$F$2:$F$25,"In Progress") -> 1 | E11: =COUNTIFS(Tasks!$C$2:$C$25,$A11,Tasks!$F$2:$F$25,"Blocked") -> 0 | F11: =SUMIF(Tasks!$C$2:$C$25,$A11,Tasks!$J$2:$J$25) -> 13 | G11: =SUMIF(Tasks!$C$2:$C$25,$A11,Tasks!$K$2:$K$25) -> 12 | H11: =G11-F11 -> -1 | I11: =IFERROR(AVERAGEIF(Tasks!$C$2:$C$25,$A11,Tasks!$M$2:$M$25),0) -> 0.91666667 | J11: =IFERROR(C11/B11,0) -> 0.66666667 | K11: =COUNTIFS(Tasks!$C$2:$C$25,$A11,Tasks!$N$2:$N$25,1) -> 3
A12: KIPJ | B12: =COUNTIF(Tasks!$C$2:$C$25,$A12) -> 3 | C12: =COUNTIFS(Tasks!$C$2:$C$25,$A12,Tasks!$F$2:$F$25,"Completed") -> 1 | D12: =COUNTIFS(Tasks!$C$2:$C$25,$A12,Tasks!$F$2:$F$25,"In Progress") -> 1 | E12: =COUNTIFS(Tasks!$C$2:$C$25,$A12,Tasks!$F$2:$F$25,"Blocked") -> 0 | F12: =SUMIF(Tasks!$C$2:$C$25,$A12,Tasks!$J$2:$J$25) -> 13 | G12: =SUMIF(Tasks!$C$2:$C$25,$A12,Tasks!$K$2:$K$25) -> 6.5 | H12: =G12-F12 -> -6.5 | I12: =IFERROR(AVERAGEIF(Tasks!$C$2:$C$25,$A12,Tasks!$M$2:$M$25),0) -> 0.45 | J12: =IFERROR(C12/B12,0) -> 0.33333333 | K12: =COUNTIFS(Tasks!$C$2:$C$25,$A12,Tasks!$N$2:$N$25,1) -> 3
A13: KRWO | B13: =COUNTIF(Tasks!$C$2:$C$25,$A13) -> 3 | C13: =COUNTIFS(Tasks!$C$2:$C$25,$A13,Tasks!$F$2:$F$25,"Completed") -> 1 | D13: =COUNTIFS(Tasks!$C$2:$C$25,$A13,Tasks!$F$2:$F$25,"In Progress") -> 1 | E13: =COUNTIFS(Tasks!$C$2:$C$25,$A13,Tasks!$F$2:$F$25,"Blocked") -> 1 | F13: =SUMIF(Tasks!$C$2:$C$25,$A13,Tasks!$J$2:$J$25) -> 12 | G13: =SUMIF(Tasks!$C$2:$C$25,$A13,Tasks!$K$2:$K$25) -> 8 | H13: =G13-F13 -> -4 | I13: =IFERROR(AVERAGEIF(Tasks!$C$2:$C$25,$A13,Tasks!$M$2:$M$25),0) -> 0.63333333 | J13: =IFERROR(C13/B13,0) -> 0.33333333 | K13: =COUNTIFS(Tasks!$C$2:$C$25,$A13,Tasks!$N$2:$N$25,1) -> 3
A14: TOTAL / AVERAGE | B14: =SUM(B6:B13) -> 24 | C14: =SUM(C6:C13) -> 10 | D14: =SUM(D6:D13) -> 7 | E14: =SUM(E6:E13) -> 2 | F14: =SUM(F6:F13) -> 106 | G14: =SUM(G6:G13) -> 70.5 | H14: =SUM(H6:H13) -> -35.5 | I14: =AVERAGE(I6:I13) -> 0.61875 | J14: =IFERROR(C14/B14,0) -> 0.41666667 | K14: =SUM(K6:K13) -> 22

Sheet Instructions
A1: Shared Workshop File - Suggested Exercises
A2: Step | B2: Exercise | C2: Action | D2: Tool | E2: Completed By | F2: Notes
A3: 1 | B3: Create a branch | C3: Create a branch named feature/<your-initials>. | D3: GitHub Desktop
A4: 2 | B4: Edit a task | C4: Change one status, completion value or note on the Tasks sheet. | D4: Excel
A5: 3 | B5: Add a row | C5: Add one new task assigned to your initials. | D5: Excel
A6: 4 | B6: Commit changes | C6: Use a short message that explains what changed. | D6: GitHub Desktop
A7: 5 | B7: Push branch | C7: Publish or push the branch to the remote repository. | D7: GitHub Desktop
A8: 6 | B8: Create pull request | C8: Describe the change and ask another participant for review. | D8: GitHub
A9: 7 | B9: Review SQL | C9: Add a comment or a new SELECT query to the shared SQL file. | D9: SQL editor
A10: 8 | B10: Resolve a conflict | C10: Two participants edit the same note and resolve the conflict together. | D10: GitHub Desktop
A13: Color legend
A14: Blue text | B14: Editable input
A15: Black text | B15: Formula or calculated value
A16: Green text | B16: Linked formula from another sheet
A17: Gray text | B17: Static label or instruction
A18: Purple fill | B18: Control value
